"Analyte","Source"
"","CEDEN"
"1,2-bis(2,4,6- tribromophenoxy)ethane","CEDEN"
"2-ethyl-1-hexyl-2,3,4,5-tetrabromobenzoate","CEDEN"
"2-ethylhexyl-diphenyl phosphate","CEDEN"
"2,4,6-tribromophenyl allyl ether","CEDEN"
"abamectin","CEDEN"
"acenaphthene","CEDEN"
"acenaphthenes","CEDEN"
"acenaphthylene","CEDEN"
"acetamiprid","CEDEN"
"acetone","CEDEN"
"acibenzolar-s-methyl","CEDEN"
"acid neutralizing capacity","CEDEN"
"acrolein","CEDEN"
"acrylonitrile","CEDEN"
"afdm_algae","CEDEN"
"alachlor","CEDEN"
"aldicarb","CEDEN"
"aldrin","CEDEN"
"alkalinity as caco3","CEDEN"
"allethrin","CEDEN"
"aluminum","CEDEN"
"ametryn","CEDEN"
"aminocarb","CEDEN"
"ammonia as n","CEDEN"
"ammonia as nh3","CEDEN"
"ammonium as n","CEDEN"
"analysisweight","CEDEN"
"anatoxin-a","CEDEN"
"anion-cation balance","CEDEN"
"anthracene","CEDEN"
"antimony","CEDEN"
"arsenic","CEDEN"
"asbestos","CEDEN"
"ash free dry mass","CEDEN"
"atraton","CEDEN"
"atrazine","CEDEN"
"azinphos-methyl oxygen analog","CEDEN"
"azinphos ethyl","CEDEN"
"azinphos methyl","CEDEN"
"azinphos methyl oxon","CEDEN"
"azobenzene","CEDEN"
"azoxystrobin","CEDEN"
"bacteroidales","CEDEN"
"barban","CEDEN"
"barium","CEDEN"
"benfluralin","CEDEN"
"benomyl","CEDEN"
"bentazon","CEDEN"
"benz(a)anthracene","CEDEN"
"benz(a)anthracenes/chrysenes","CEDEN"
"benzene","CEDEN"
"benzidine","CEDEN"
"benzo(a)pyrene","CEDEN"
"benzo(b)fluoranthene","CEDEN"
"benzo(b)fluorene","CEDEN"
"benzo(b/j/k)fluoranthene","CEDEN"
"benzo(e)pyrene","CEDEN"
"benzo(g,h,i)perylene","CEDEN"
"benzo(j/k)fluoranthene","CEDEN"
"benzo(k)fluoranthene","CEDEN"
"benzofluoranthenes/benzopyrenes","CEDEN"
"benzoic acid","CEDEN"
"benzyl alcohol","CEDEN"
"beryllium","CEDEN"
"bicarbonate","CEDEN"
"bifenthrin","CEDEN"
"biomass (wt/orig indiv)","CEDEN"
"biphenyl","CEDEN"
"biphenyls","CEDEN"
"bis(1,3-dichloro-2-propyl) phosphate","CEDEN"
"bis(2-chloroethoxy)methane","CEDEN"
"bis(2-chloroethyl)ether","CEDEN"
"bis(2-chloroisopropyl) ether","CEDEN"
"bis(2-ethly-1-hexyl)tetrabromophthalate","CEDEN"
"bis(2-ethylhexyl)adipate","CEDEN"
"bis(2-ethylhexyl)phthalate","CEDEN"
"bod","CEDEN"
"bolstar","CEDEN"
"boron","CEDEN"
"boscalid","CEDEN"
"bromacil","CEDEN"
"bromide","CEDEN"
"bromobenzene","CEDEN"
"bromochloromethane","CEDEN"
"bromodichloromethane","CEDEN"
"bromoform","CEDEN"
"bromomethane","CEDEN"
"bromophenyl phenyl ether","CEDEN"
"bromuconazole","CEDEN"
"butanone","CEDEN"
"butralin","CEDEN"
"butyl-n-ethyl-2,6-dinitro-4-(trifluoromethyl)aniline","CEDEN"
"butyl benzyl phthalate","CEDEN"
"butylate","CEDEN"
"butylbenzene","CEDEN"
"cadmium","CEDEN"
"calcium","CEDEN"
"captan","CEDEN"
"carbaryl","CEDEN"
"carbendazim","CEDEN"
"carbofuran","CEDEN"
"carbon","CEDEN"
"carbon disulfide","CEDEN"
"carbon tetrachloride","CEDEN"
"carbonate","CEDEN"
"carbophenothion","CEDEN"
"cesium","CEDEN"
"chlorantraniliprole","CEDEN"
"chlordane","CEDEN"
"chlordene","CEDEN"
"chlordene plus","CEDEN"
"chlorfenvinphos","CEDEN"
"chloride","CEDEN"
"chlorine","CEDEN"
"chloro-3-methylphenol","CEDEN"
"chlorobenzene","CEDEN"
"chloroethane","CEDEN"
"chloroethyl vinyl ether","CEDEN"
"chloroform","CEDEN"
"chloromethane","CEDEN"
"chloronaphthalene","CEDEN"
"chlorophenol","CEDEN"
"chlorophenyl phenyl ether","CEDEN"
"chlorophyll a","CEDEN"
"chloropicrin","CEDEN"
"chlorothalonil","CEDEN"
"chlorotoluene","CEDEN"
"chloroxuron","CEDEN"
"chlorpropham","CEDEN"
"chlorpyrifos","CEDEN"
"chlorpyrifos methyl","CEDEN"
"chlorpyrifos oxon","CEDEN"
"chromium","CEDEN"
"chrysene","CEDEN"
"chrysenes","CEDEN"
"cinerin-1","CEDEN"
"cinerin-2","CEDEN"
"clay","CEDEN"
"clomazone","CEDEN"
"clothianidin","CEDEN"
"cobalt","CEDEN"
"cod","CEDEN"
"coliform","CEDEN"
"color","CEDEN"
"copper","CEDEN"
"coumaphos","CEDEN"
"cryptosporidium","CEDEN"
"cyanazine","CEDEN"
"cyanide","CEDEN"
"cyantraniliprole","CEDEN"
"cyazofamid","CEDEN"
"cycloate","CEDEN"
"cyfluthrin","CEDEN"
"cyhalofop-butyl","CEDEN"
"cyhalothrin","CEDEN"
"cylindrospermopsin","CEDEN"
"cymoxanil","CEDEN"
"cypermethrin","CEDEN"
"cyproconazole","CEDEN"
"cyprodinil","CEDEN"
"dacthal","CEDEN"
"ddd(o,p')","CEDEN"
"ddd(p,p')","CEDEN"
"dde(o,p')","CEDEN"
"dde(p,p')","CEDEN"
"ddmu(p,p')","CEDEN"
"ddt(o,p')","CEDEN"
"ddt(p,p')","CEDEN"
"decabromodiphenylethane","CEDEN"
"dechlorane 601","CEDEN"
"dechlorane 602","CEDEN"
"dechlorane 603","CEDEN"
"dechlorane 604","CEDEN"
"dechlorane 604 component b","CEDEN"
"dechlorane plus","CEDEN"
"dechlorane plus mono adduct","CEDEN"
"deltamethrin","CEDEN"
"deltamethrin/tralomethrin","CEDEN"
"demeton","CEDEN"
"demeton-o","CEDEN"
"demeton-s","CEDEN"
"desethyl-atrazine","CEDEN"
"desisopropyl-atrazine","CEDEN"
"desmetryn","CEDEN"
"desthio-prothioconazole","CEDEN"
"di-dechlorinated dechlorane plus","CEDEN"
"di-n-butyl phthalate","CEDEN"
"di-n-octyl phthalate","CEDEN"
"di(2-ethylhexyl) phosphate","CEDEN"
"diazinon","CEDEN"
"diazinon oxon","CEDEN"
"diazoxon","CEDEN"
"dibenz(a,h)anthracene","CEDEN"
"dibenzo(a,h)anthracene/indeno(1,2,3-cd)pyrene","CEDEN"
"dibenzothiophene","CEDEN"
"dibenzothiophenes","CEDEN"
"dibromo-2,3-dichlorophenyl-hexachloro-norbornene","CEDEN"
"dibromo-3-chloropropane","CEDEN"
"dibromo-4-(1,2-dibromoethyl)cyclohexane","CEDEN"
"dibromoaldrin","CEDEN"
"dibromochloromethane","CEDEN"
"dibromoethane","CEDEN"
"dibromomethane","CEDEN"
"dibromophenyl-hexachloro-norbornene ","CEDEN"
"dibutyl phosphate","CEDEN"
"dicamba","CEDEN"
"dichlofenthion","CEDEN"
"dichloroaniline","CEDEN"
"dichlorobenzenamine","CEDEN"
"dichlorobenzene","CEDEN"
"dichlorobenzidine","CEDEN"
"dichlorodifluoromethane","CEDEN"
"dichloroethane","CEDEN"
"dichloroethylene","CEDEN"
"dichlorophenol","CEDEN"
"dichlorophenoxyacetic acid","CEDEN"
"dichlorophenoxybutyric acid","CEDEN"
"dichlorophenyl-3-methyl urea","CEDEN"
"dichlorophenyl urea","CEDEN"
"dichloroprop","CEDEN"
"dichloropropane","CEDEN"
"dichloropropene","CEDEN"
"dichloropropionic acid","CEDEN"
"dichlorotrifluoroethane","CEDEN"
"dichlorotrifluoromethane","CEDEN"
"dichlorvos","CEDEN"
"dicofol","CEDEN"
"dieldrin","CEDEN"
"diesel fuel","CEDEN"
"diethyl phosphate","CEDEN"
"diethyl phthalate","CEDEN"
"difenoconazole","CEDEN"
"diflubenzuron","CEDEN"
"diisopropyl ether","CEDEN"
"dimethoate","CEDEN"
"dimethomorph","CEDEN"
"dimethyl phosphate","CEDEN"
"dimethyl phthalate","CEDEN"
"dimethylchrysene","CEDEN"
"dimethyldibenzothiophene","CEDEN"
"dimethylfluorene","CEDEN"
"dimethylnaphthalene","CEDEN"
"dimethylphenanthrene","CEDEN"
"dimethylphenol","CEDEN"
"dinitro-2-methylphenol","CEDEN"
"dinitrophenol","CEDEN"
"dinitrotoluene","CEDEN"
"dinoseb","CEDEN"
"dinotefuran","CEDEN"
"diphenyl phosphate","CEDEN"
"diphenylanthracene","CEDEN"
"diphenylhydrazine","CEDEN"
"dipropetryn","CEDEN"
"diquat","CEDEN"
"discharge","CEDEN"
"dissolved organic carbon","CEDEN"
"disulfoton","CEDEN"
"dithiopyr","CEDEN"
"diuron","CEDEN"
"e. coli","CEDEN"
"e. coli o157:h7","CEDEN"
"electricalconductivity","CEDEN"
"endosulfan i","CEDEN"
"endosulfan ii","CEDEN"
"endosulfan sulfate","CEDEN"
"endrin","CEDEN"
"endrin aldehyde","CEDEN"
"endrin ketone","CEDEN"
"epn","CEDEN"
"eptc","CEDEN"
"esfenvalerate","CEDEN"
"esfenvalerate/fenvalerate","CEDEN"
"esfenvalerate/fenvalerate-1","CEDEN"
"esfenvalerate/fenvalerate-2","CEDEN"
"ethaboxam","CEDEN"
"ethalfluralin","CEDEN"
"ethion","CEDEN"
"ethofenprox","CEDEN"
"ethoprop","CEDEN"
"ethyl-perfluorooctanesulfonamide","CEDEN"
"ethyl-perfluorooctanesulfonamidoethanol","CEDEN"
"ethyl tert-butyl ether","CEDEN"
"ethylbenzene","CEDEN"
"ethylene bis(tetrabromophthalimide)","CEDEN"
"famoxadone","CEDEN"
"famphur","CEDEN"
"fenamidone","CEDEN"
"fenarimol","CEDEN"
"fenbuconazole","CEDEN"
"fenchlorphos","CEDEN"
"fenhexamid","CEDEN"
"fenitrothion","CEDEN"
"fenpropathrin","CEDEN"
"fenpyroximate","CEDEN"
"fensulfothion","CEDEN"
"fenthion","CEDEN"
"fenuron","CEDEN"
"fenvalerate","CEDEN"
"finalsampleextvolume","CEDEN"
"fine","CEDEN"
"fipronil","CEDEN"
"fipronil amide","CEDEN"
"fipronil desulfinyl","CEDEN"
"fipronil desulfinyl amide","CEDEN"
"fipronil detrifluoromethylsulfinyl","CEDEN"
"fipronil sulfide","CEDEN"
"fipronil sulfone","CEDEN"
"flonicamid","CEDEN"
"fluazinam","CEDEN"
"fludioxonil","CEDEN"
"flufenacet","CEDEN"
"flumetralin","CEDEN"
"flumioxazin","CEDEN"
"fluometuron","CEDEN"
"fluopicolide","CEDEN"
"fluopyram","CEDEN"
"fluoranthene","CEDEN"
"fluoranthene/pyrenes","CEDEN"
"fluoranthenes/pyrenes","CEDEN"
"fluorene","CEDEN"
"fluorenes","CEDEN"
"fluoride","CEDEN"
"fluoxastrobin","CEDEN"
"fluridone","CEDEN"
"flusilazole","CEDEN"
"flutolanil","CEDEN"
"flutriafol","CEDEN"
"fluxapyroxad","CEDEN"
"fonofos","CEDEN"
"gadolinium","CEDEN"
"gasoline","CEDEN"
"giardia","CEDEN"
"glyphosate","CEDEN"
"granule","CEDEN"
"granule + pebble","CEDEN"
"gravel","CEDEN"
"gross alpha","CEDEN"
"gross beta","CEDEN"
"growth (ash-free dry wt/surv indiv)","CEDEN"
"growth (wt/surv indiv)","CEDEN"
"hardness as caco3","CEDEN"
"hch","CEDEN"
"heptachlor","CEDEN"
"heptachlor epoxide","CEDEN"
"hexabromobenzene","CEDEN"
"hexabromocyclododecane","CEDEN"
"hexachloro(phenyl)norbornene","CEDEN"
"hexachlorobenzene","CEDEN"
"hexachlorobutadiene","CEDEN"
"hexachlorocyclopentadiene","CEDEN"
"hexachlorocyclopentadienyldibromocyclooctane","CEDEN"
"hexachloroethane","CEDEN"
"hexanone","CEDEN"
"hexazinone","CEDEN"
"hpcdd","CEDEN"
"hpcdf","CEDEN"
"hxcdd","CEDEN"
"hxcdf","CEDEN"
"hydrogen sulfide","CEDEN"
"hydroxide","CEDEN"
"hydroxyatrazine","CEDEN"
"imazalil","CEDEN"
"imidacloprid","CEDEN"
"indeno(1,2,3-c,d)pyrene","CEDEN"
"indoxacarb","CEDEN"
"iodomethane","CEDEN"
"ipconazole","CEDEN"
"iprodione","CEDEN"
"iron","CEDEN"
"isophorone","CEDEN"
"isopropylbenzene","CEDEN"
"isopropyltoluene","CEDEN"
"jasmolin-1","CEDEN"
"jasmolin-2","CEDEN"
"kresoxim-methyl","CEDEN"
"lead","CEDEN"
"leptophos","CEDEN"
"linuron","CEDEN"
"magnesium","CEDEN"
"malaoxon","CEDEN"
"malathion","CEDEN"
"mandipropamid","CEDEN"
"manganese","CEDEN"
"marbon cnb 23010-1","CEDEN"
"marbon cnb 23010-2","CEDEN"
"mbas","CEDEN"
"mcpa","CEDEN"
"mcpp","CEDEN"
"mean percent normal alive","CEDEN"
"mercury","CEDEN"
"mercury (ii)r","CEDEN"
"merphos","CEDEN"
"metalaxyl","CEDEN"
"metconazole","CEDEN"
"methamidophos","CEDEN"
"methidathion","CEDEN"
"methiocarb","CEDEN"
"methomyl","CEDEN"
"methoprene","CEDEN"
"methoxychlor","CEDEN"
"methoxyfenozide","CEDEN"
"methyl-2-pentanone","CEDEN"
"methyl-perfluorooctanesulfonamide","CEDEN"
"methyl (3,4-dichlorophenyl)carbamate","CEDEN"
"methyl tert-butyl ether","CEDEN"
"methylanthracene","CEDEN"
"methylbenzo(a)pyrene","CEDEN"
"methylchrysene","CEDEN"
"methyldibenzothiophene","CEDEN"
"methyldibenzothiophenes","CEDEN"
"methylene chloride","CEDEN"
"methylfluoranthene","CEDEN"
"methylfluorene","CEDEN"
"methylnaphthalene","CEDEN"
"methylphenanthrene","CEDEN"
"methylphenol","CEDEN"
"metolachlor","CEDEN"
"metribuzin","CEDEN"
"mevinphos","CEDEN"
"mexacarbate","CEDEN"
"microcystin-la","CEDEN"
"microcystin-lr","CEDEN"
"microcystin-rr","CEDEN"
"microcystin-yr","CEDEN"
"mirex","CEDEN"
"moisture","CEDEN"
"molinate","CEDEN"
"molybdenum","CEDEN"
"mono-dechlorinated dechlorane plus","CEDEN"
"monobromophenyl-hexachloro-norbornene-1","CEDEN"
"monobromophenyl-hexachloro-norbornene-2","CEDEN"
"monobromophenyl-hexachloro-norbornene-3","CEDEN"
"monuron","CEDEN"
"motor oil","CEDEN"
"myclobutanil","CEDEN"
"naled","CEDEN"
"naphthalene","CEDEN"
"naphthalenes","CEDEN"
"napropamide","CEDEN"
"neburon","CEDEN"
"nickel","CEDEN"
"nitrate + nitrite as n","CEDEN"
"nitrate as n","CEDEN"
"nitrite as n","CEDEN"
"nitroaniline","CEDEN"
"nitrobenzene","CEDEN"
"nitrogen","CEDEN"
"nitrophenol","CEDEN"
"nitrosodi-n-propylamine","CEDEN"
"nitrosodiethylamine","CEDEN"
"nitrosodimethylamine","CEDEN"
"nitrosodiphenylamine","CEDEN"
"nitrosomethylethylamine","CEDEN"
"nonachlor","CEDEN"
"nonylphenol","CEDEN"
"novaluron","CEDEN"
"ocdd","CEDEN"
"ocdf","CEDEN"
"oilandgrease","CEDEN"
"orthophosphate as p","CEDEN"
"oryzalin","CEDEN"
"oxadiazon","CEDEN"
"oxamyl","CEDEN"
"oxychlordane","CEDEN"
"oxyfluorfen","CEDEN"
"oxygen","CEDEN"
"paclobutrazol","CEDEN"
"paraquat","CEDEN"
"parathion","CEDEN"
"particulate organic carbon","CEDEN"
"pbde 007","CEDEN"
"pbde 008","CEDEN"
"pbde 010","CEDEN"
"pbde 012","CEDEN"
"pbde 015","CEDEN"
"pbde 017","CEDEN"
"pbde 017/25","CEDEN"
"pbde 028","CEDEN"
"pbde 028/33","CEDEN"
"pbde 030","CEDEN"
"pbde 032","CEDEN"
"pbde 033","CEDEN"
"pbde 035","CEDEN"
"pbde 037","CEDEN"
"pbde 047","CEDEN"
"pbde 049","CEDEN"
"pbde 051","CEDEN"
"pbde 066","CEDEN"
"pbde 071","CEDEN"
"pbde 075","CEDEN"
"pbde 077","CEDEN"
"pbde 079","CEDEN"
"pbde 085","CEDEN"
"pbde 099","CEDEN"
"pbde 100","CEDEN"
"pbde 105","CEDEN"
"pbde 116","CEDEN"
"pbde 119","CEDEN"
"pbde 126","CEDEN"
"pbde 128","CEDEN"
"pbde 138","CEDEN"
"pbde 140","CEDEN"
"pbde 153","CEDEN"
"pbde 154","CEDEN"
"pbde 155","CEDEN"
"pbde 179","CEDEN"
"pbde 181","CEDEN"
"pbde 183","CEDEN"
"pbde 184","CEDEN"
"pbde 188","CEDEN"
"pbde 190","CEDEN"
"pbde 196","CEDEN"
"pbde 197","CEDEN"
"pbde 200/203","CEDEN"
"pbde 201","CEDEN"
"pbde 202","CEDEN"
"pbde 203","CEDEN"
"pbde 204","CEDEN"
"pbde 205","CEDEN"
"pbde 206","CEDEN"
"pbde 207","CEDEN"
"pbde 208","CEDEN"
"pbde 209","CEDEN"
"pcb 001","CEDEN"
"pcb 002","CEDEN"
"pcb 003","CEDEN"
"pcb 004","CEDEN"
"pcb 005","CEDEN"
"pcb 006","CEDEN"
"pcb 007","CEDEN"
"pcb 008","CEDEN"
"pcb 009","CEDEN"
"pcb 010","CEDEN"
"pcb 011","CEDEN"
"pcb 013","CEDEN"
"pcb 014","CEDEN"
"pcb 015","CEDEN"
"pcb 016","CEDEN"
"pcb 017","CEDEN"
"pcb 018","CEDEN"
"pcb 019","CEDEN"
"pcb 022","CEDEN"
"pcb 023","CEDEN"
"pcb 024","CEDEN"
"pcb 025","CEDEN"
"pcb 026","CEDEN"
"pcb 027","CEDEN"
"pcb 028","CEDEN"
"pcb 028/31","CEDEN"
"pcb 029","CEDEN"
"pcb 031","CEDEN"
"pcb 032","CEDEN"
"pcb 033","CEDEN"
"pcb 034","CEDEN"
"pcb 035","CEDEN"
"pcb 036","CEDEN"
"pcb 037","CEDEN"
"pcb 038","CEDEN"
"pcb 039","CEDEN"
"pcb 040","CEDEN"
"pcb 041","CEDEN"
"pcb 042","CEDEN"
"pcb 043","CEDEN"
"pcb 044","CEDEN"
"pcb 045","CEDEN"
"pcb 046","CEDEN"
"pcb 048","CEDEN"
"pcb 049","CEDEN"
"pcb 052","CEDEN"
"pcb 053","CEDEN"
"pcb 054","CEDEN"
"pcb 055","CEDEN"
"pcb 056","CEDEN"
"pcb 056/60","CEDEN"
"pcb 057","CEDEN"
"pcb 058","CEDEN"
"pcb 059","CEDEN"
"pcb 060","CEDEN"
"pcb 063","CEDEN"
"pcb 064","CEDEN"
"pcb 066","CEDEN"
"pcb 067","CEDEN"
"pcb 068","CEDEN"
"pcb 070","CEDEN"
"pcb 072","CEDEN"
"pcb 073","CEDEN"
"pcb 074","CEDEN"
"pcb 077","CEDEN"
"pcb 078","CEDEN"
"pcb 079","CEDEN"
"pcb 080","CEDEN"
"pcb 081","CEDEN"
"pcb 082","CEDEN"
"pcb 083","CEDEN"
"pcb 084","CEDEN"
"pcb 085","CEDEN"
"pcb 087","CEDEN"
"pcb 089","CEDEN"
"pcb 091","CEDEN"
"pcb 092","CEDEN"
"pcb 093","CEDEN"
"pcb 094","CEDEN"
"pcb 095","CEDEN"
"pcb 096","CEDEN"
"pcb 097","CEDEN"
"pcb 099","CEDEN"
"pcb 101","CEDEN"
"pcb 102","CEDEN"
"pcb 103","CEDEN"
"pcb 104","CEDEN"
"pcb 105","CEDEN"
"pcb 106","CEDEN"
"pcb 107","CEDEN"
"pcb 109","CEDEN"
"pcb 110","CEDEN"
"pcb 111","CEDEN"
"pcb 112","CEDEN"
"pcb 114","CEDEN"
"pcb 118","CEDEN"
"pcb 119","CEDEN"
"pcb 120","CEDEN"
"pcb 121","CEDEN"
"pcb 122","CEDEN"
"pcb 123","CEDEN"
"pcb 124","CEDEN"
"pcb 126","CEDEN"
"pcb 127","CEDEN"
"pcb 128","CEDEN"
"pcb 130","CEDEN"
"pcb 131","CEDEN"
"pcb 132","CEDEN"
"pcb 133","CEDEN"
"pcb 134","CEDEN"
"pcb 136","CEDEN"
"pcb 137","CEDEN"
"pcb 138","CEDEN"
"pcb 138/158","CEDEN"
"pcb 139","CEDEN"
"pcb 141","CEDEN"
"pcb 142","CEDEN"
"pcb 143","CEDEN"
"pcb 144","CEDEN"
"pcb 145","CEDEN"
"pcb 146","CEDEN"
"pcb 148","CEDEN"
"pcb 149","CEDEN"
"pcb 150","CEDEN"
"pcb 151","CEDEN"
"pcb 152","CEDEN"
"pcb 153","CEDEN"
"pcb 153/168","CEDEN"
"pcb 154","CEDEN"
"pcb 155","CEDEN"
"pcb 156","CEDEN"
"pcb 157","CEDEN"
"pcb 158","CEDEN"
"pcb 159","CEDEN"
"pcb 160","CEDEN"
"pcb 161","CEDEN"
"pcb 162","CEDEN"
"pcb 164","CEDEN"
"pcb 165","CEDEN"
"pcb 167","CEDEN"
"pcb 168","CEDEN"
"pcb 169","CEDEN"
"pcb 170","CEDEN"
"pcb 171","CEDEN"
"pcb 172","CEDEN"
"pcb 174","CEDEN"
"pcb 175","CEDEN"
"pcb 176","CEDEN"
"pcb 177","CEDEN"
"pcb 178","CEDEN"
"pcb 179","CEDEN"
"pcb 180","CEDEN"
"pcb 181","CEDEN"
"pcb 182","CEDEN"
"pcb 183","CEDEN"
"pcb 184","CEDEN"
"pcb 186","CEDEN"
"pcb 187","CEDEN"
"pcb 188","CEDEN"
"pcb 189","CEDEN"
"pcb 190","CEDEN"
"pcb 191","CEDEN"
"pcb 192","CEDEN"
"pcb 194","CEDEN"
"pcb 195","CEDEN"
"pcb 196","CEDEN"
"pcb 198","CEDEN"
"pcb 199","CEDEN"
"pcb 200","CEDEN"
"pcb 201","CEDEN"
"pcb 202","CEDEN"
"pcb 203","CEDEN"
"pcb 204","CEDEN"
"pcb 205","CEDEN"
"pcb 206","CEDEN"
"pcb 207","CEDEN"
"pcb 208","CEDEN"
"pcb 209","CEDEN"
"pcb aroclor 1016","CEDEN"
"pcb aroclor 1221","CEDEN"
"pcb aroclor 1232","CEDEN"
"pcb aroclor 1242","CEDEN"
"pcb aroclor 1248","CEDEN"
"pcb aroclor 1254","CEDEN"
"pcb aroclor 1260","CEDEN"
"pcnb","CEDEN"
"pebble","CEDEN"
"pebulate","CEDEN"
"pecdd","CEDEN"
"pecdf","CEDEN"
"pendimethalin","CEDEN"
"penoxsulam","CEDEN"
"pentabromobenzene","CEDEN"
"pentabromobenzyl acrylate","CEDEN"
"pentabromobenzyl bromide-1/pentabromotoluene","CEDEN"
"pentabromobenzyl bromide-2/polybrominated biphenyl 101","CEDEN"
"pentabromoethylbenzene","CEDEN"
"pentachloroanisole","CEDEN"
"pentachloronitrobenzene","CEDEN"
"pentachlorophenol","CEDEN"
"perfluorobutanesulfonate","CEDEN"
"perfluorobutanoate","CEDEN"
"perfluorodecanoate","CEDEN"
"perfluorodecylphosphate","CEDEN"
"perfluorodecylphosphonate","CEDEN"
"perfluorododecanoate","CEDEN"
"perfluoroheptanoate","CEDEN"
"perfluorohexanesulfonate","CEDEN"
"perfluorohexanoate","CEDEN"
"perfluorohexylperfluorooctylphosphinate","CEDEN"
"perfluorohexylphosphonate","CEDEN"
"perfluorononanoate","CEDEN"
"perfluorooctane sulfonamido acetic acid","CEDEN"
"perfluorooctanesulfonamide","CEDEN"
"perfluorooctanesulfonate","CEDEN"
"perfluorooctanoate","CEDEN"
"perfluorooctylphosphate","CEDEN"
"perfluorooctylphosphonate","CEDEN"
"perfluoropentanoate","CEDEN"
"perfluoroundecanoate","CEDEN"
"permethrin","CEDEN"
"perthane","CEDEN"
"perylene","CEDEN"
"ph","CEDEN"
"phenanthrene","CEDEN"
"phenanthrene/anthracene","CEDEN"
"phenol","CEDEN"
"phenothrin","CEDEN"
"pheophytin a","CEDEN"
"phorate","CEDEN"
"phosmet","CEDEN"
"phosphorus as p","CEDEN"
"picloram","CEDEN"
"picoxystrobin","CEDEN"
"piperonyl butoxide","CEDEN"
"potassium","CEDEN"
"prallethrin","CEDEN"
"prodiamine","CEDEN"
"prometon","CEDEN"
"prometryn","CEDEN"
"propachlor","CEDEN"
"propanil","CEDEN"
"propargite","CEDEN"
"propazine","CEDEN"
"propham","CEDEN"
"propiconazole","CEDEN"
"propoxur","CEDEN"
"propylbenzene","CEDEN"
"propyzamide","CEDEN"
"pyraclostrobin","CEDEN"
"pyrene","CEDEN"
"pyrethrin-1","CEDEN"
"pyrethrin-2","CEDEN"
"pyridaben","CEDEN"
"pyrimethanil","CEDEN"
"pyriproxyfen","CEDEN"
"quinoxyfen","CEDEN"
"resmethrin","CEDEN"
"retene","CEDEN"
"salinity","CEDEN"
"salmonella","CEDEN"
"sand","CEDEN"
"saxitoxins","CEDEN"
"secbumeton","CEDEN"
"secchi depth","CEDEN"
"sedaxane","CEDEN"
"selenium","CEDEN"
"settleable solids","CEDEN"
"siduron","CEDEN"
"silica as sio2","CEDEN"
"silicate as si","CEDEN"
"silt","CEDEN"
"silver","CEDEN"
"simazine","CEDEN"
"simetryn","CEDEN"
"sodium","CEDEN"
"specificconductivity","CEDEN"
"stationwaterdepth","CEDEN"
"strontium","CEDEN"
"styrene","CEDEN"
"sulfate","CEDEN"
"sulfide","CEDEN"
"sulfite as so3","CEDEN"
"sulfotep","CEDEN"
"survival","CEDEN"
"suspended sediment concentration","CEDEN"
"t-fluvalinate","CEDEN"
"tcdd","CEDEN"
"tcdf","CEDEN"
"tebuconazole","CEDEN"
"tebupirimfos","CEDEN"
"tebupirimfos oxon","CEDEN"
"tebuthiuron","CEDEN"
"tefluthrin","CEDEN"
"temephos","CEDEN"
"temperature","CEDEN"
"terbufos","CEDEN"
"terbuthylazine","CEDEN"
"terbutryn","CEDEN"
"tert-amyl methyl ether","CEDEN"
"tert-butyl alcohol","CEDEN"
"tetrabromo-o-chlorotoluene","CEDEN"
"tetrabromo-p-xylene","CEDEN"
"tetrachloroethane","CEDEN"
"tetrachloroethylene","CEDEN"
"tetrachlorophenyl-hexachloro-norbornene","CEDEN"
"tetrachlorvinphos","CEDEN"
"tetraconazole","CEDEN"
"tetradifon","CEDEN"
"tetramethrin","CEDEN"
"tetramethylnaphthalene","CEDEN"
"thallium","CEDEN"
"thiabendazole","CEDEN"
"thiacloprid","CEDEN"
"thiamethoxam","CEDEN"
"thiazopyr","CEDEN"
"thiobencarb","CEDEN"
"thionazin","CEDEN"
"tokuthion","CEDEN"
"tolfenpyrad","CEDEN"
"toluene","CEDEN"
"total cell count","CEDEN"
"total dissolved solids","CEDEN"
"total hydrogen","CEDEN"
"total inorganic carbon","CEDEN"
"total organic carbon","CEDEN"
"total pahs","CEDEN"
"total solids","CEDEN"
"total suspended solids","CEDEN"
"toxaphene","CEDEN"
"tph as diesel c12-c24","CEDEN"
"tph as gasoline c4-c12","CEDEN"
"tph as motor oil c24-c36","CEDEN"
"triadimefon","CEDEN"
"triadimenol","CEDEN"
"triallate ","CEDEN"
"tribromobenzene","CEDEN"
"tributyl phosphorotrithioate","CEDEN"
"tributylphosphate","CEDEN"
"tributyltin as sn","CEDEN"
"trichlorfon","CEDEN"
"trichloro-1,2,2-trifluoroethane","CEDEN"
"trichlorobenzene","CEDEN"
"trichloroethane","CEDEN"
"trichloroethylene","CEDEN"
"trichlorofluoromethane","CEDEN"
"trichloronate","CEDEN"
"trichlorophenol","CEDEN"
"trichlorophenoxy)propionic acid","CEDEN"
"trichlorophenoxyacetic acid","CEDEN"
"trichloropropane","CEDEN"
"triclopyr","CEDEN"
"tricresyl phosphate","CEDEN"
"triethyl phosphate","CEDEN"
"trifloxystrobin","CEDEN"
"triflumizole","CEDEN"
"trifluralin","CEDEN"
"trihalomethanes","CEDEN"
"triisobutyl phosphate","CEDEN"
"trimethylbenzene","CEDEN"
"trimethylnaphthalene","CEDEN"
"trimethylphenanthrene","CEDEN"
"triphenyl phosphate","CEDEN"
"tripropyl phosphate","CEDEN"
"tris(1-chloro-2-propyl)phosphate","CEDEN"
"tris(1,3-dichloroisopropyl)phosphate","CEDEN"
"tris(2-butoxyethyl)phosphate","CEDEN"
"tris(2-chloroethyl)phosphate","CEDEN"
"tris(2-ethylhexyl) phosphate","CEDEN"
"tris(2-isopropylphenyl)phosphate","CEDEN"
"tris(2,3-dibromopropyl) phosphate","CEDEN"
"tris(3,5-dimethylphenyl)phosphate","CEDEN"
"triticonazole","CEDEN"
"turbidity","CEDEN"
"ultraviolet absorption (254nm)","CEDEN"
"uranium","CEDEN"
"vanadium","CEDEN"
"velocity","CEDEN"
"vinyl acetate","CEDEN"
"vinyl chloride","CEDEN"
"xylene","CEDEN"
"xylenes","CEDEN"
"young/female","CEDEN"
"zinc","CEDEN"
"ziram","CEDEN"
"zoxamide","CEDEN"
"1,4-dichlorobenzene (p-dcb0","SURF"
"2,4-d","SURF"
"2,4-db","SURF"
"2,4,5-t","SURF"
"3-hydroxycarbofuran","SURF"
"4-hydroxy chlorothalonil","SURF"
"4-hydroxy molinate","SURF"
"4(2,4-db), dimethylamine salt","SURF"
"abamectin","SURF"
"acephate","SURF"
"acet","SURF"
"acetamiprid","SURF"
"acibenzolar-s-methyl","SURF"
"acifluorfen, sodium salt","SURF"
"alachlor","SURF"
"aldicarb","SURF"
"aldicarb sulfone","SURF"
"aldicarb sulfoxide","SURF"
"aldrin","SURF"
"allethrin","SURF"
"alpha-endosulfan","SURF"
"ametryne","SURF"
"aminocarb","SURF"
"aroclor","SURF"
"atraton","SURF"
"atrazine","SURF"
"atrazine degradate","SURF"
"azinphos-methyl","SURF"
"azinphos-methyl-oa","SURF"
"azoxystrobin","SURF"
"barban","SURF"
"benefin","SURF"
"benomyl","SURF"
"bensulide","SURF"
"bentazon, sodium salt","SURF"
"bifenthrin","SURF"
"boscalid","SURF"
"bromacil","SURF"
"bromoxynil octanoate","SURF"
"butylate","SURF"
"captan","SURF"
"carbaryl","SURF"
"carbendazim (methyl 2-benzimidazolecarbamate)","SURF"
"carbofuran","SURF"
"carboxin","SURF"
"chloramben","SURF"
"chlorantraniliprole","SURF"
"chlordane","SURF"
"chlordane, other","SURF"
"chlorfenapyr","SURF"
"chloroneb","SURF"
"chloropicrin","SURF"
"chlorothalonil","SURF"
"chloroxuron","SURF"
"chlorpropham","SURF"
"chlorpyrifos","SURF"
"chlorpyrifos-methyl","SURF"
"chlorpyrifos oa","SURF"
"chlorsulfuron","SURF"
"chlorthal-dimethyl","SURF"
"clomazone","SURF"
"clopyralid","SURF"
"clothianidin","SURF"
"coumaphos","SURF"
"cyanazine","SURF"
"cyantraniliprole","SURF"
"cyazofamid","SURF"
"cycloate","SURF"
"cyfluthrin","SURF"
"cyhalofop butyl","SURF"
"cymoxanil","SURF"
"cypermethrin","SURF"
"cyprodinil","SURF"
"dalapon","SURF"
"ddd","SURF"
"dde","SURF"
"ddt","SURF"
"ddvp","SURF"
"dea","SURF"
"deltamethrin","SURF"
"demeton","SURF"
"demeton-s-methyl","SURF"
"desthio-prothioconazole","SURF"
"desthio-prothioconazole degradate","SURF"
"desulfinyl fipronil","SURF"
"desulfinyl fipronil amide","SURF"
"diazinon","SURF"
"diazinon degradate","SURF"
"diazoxon","SURF"
"dicamba","SURF"
"dichlobenil","SURF"
"dichlorprop","SURF"
"dicofol","SURF"
"dieldrin","SURF"
"difenoconazole","SURF"
"diflubenzuron","SURF"
"dimethoate","SURF"
"dimethomorph","SURF"
"dinoseb","SURF"
"dinotefuran","SURF"
"diphenamid","SURF"
"diphenylamine","SURF"
"diquat dibromide","SURF"
"disulfoton","SURF"
"disulfoton sulfone","SURF"
"dithiopyr","SURF"
"diuron","SURF"
"dnoc, sodium salt","SURF"
"endosulfan","SURF"
"endosulfan ii","SURF"
"endosulfan sulfate","SURF"
"endrin","SURF"
"endrin aldehyde","SURF"
"epn","SURF"
"eptc","SURF"
"eptc degradate","SURF"
"esfenvalerate","SURF"
"ethaboxam","SURF"
"ethalfluralin","SURF"
"ethion","SURF"
"ethoprop","SURF"
"ethoprop degradate","SURF"
"ethyl parathion","SURF"
"etofenprox","SURF"
"etoxazole","SURF"
"famoxadone","SURF"
"fenamidone","SURF"
"fenamiphos","SURF"
"fenamiphos sulfone","SURF"
"fenamiphos sulfoxide","SURF"
"fenarimol","SURF"
"fenbuconazole","SURF"
"fenbutatin-oxide","SURF"
"fenhexamid","SURF"
"fenitrothion","SURF"
"fenpropathrin","SURF"
"fenpyroximate","SURF"
"fensulfothion","SURF"
"fenthion","SURF"
"fenuron","SURF"
"fenvalerate","SURF"
"fipronil","SURF"
"fipronil amide","SURF"
"fipronil sulfide","SURF"
"fipronil sulfone","SURF"
"flonicamid","SURF"
"fluazinam","SURF"
"flubendiamide","SURF"
"fludioxonil","SURF"
"flumioxazin","SURF"
"fluometuron","SURF"
"fluopicolide","SURF"
"fluopyram","SURF"
"fluoxastrobin","SURF"
"flupyradifurone","SURF"
"fluridone","SURF"
"flutolanil","SURF"
"flutriafol","SURF"
"fluvalinate","SURF"
"fluxapyroxad","SURF"
"fonofos","SURF"
"glufosinate","SURF"
"glyphosate","SURF"
"halosulfuron-methyl","SURF"
"heptachlor","SURF"
"heptachlor epoxide","SURF"
"hexazinone","SURF"
"hexazinone degradate","SURF"
"hydroxyatrazine, 2-","SURF"
"hydroxysimazine","SURF"
"imazalil","SURF"
"imazamox, ammonium salt","SURF"
"imazethapyr","SURF"
"imidacloprid","SURF"
"indaziflam","SURF"
"indoxacarb","SURF"
"ipconazole","SURF"
"iprodione","SURF"
"isofetamid","SURF"
"isoxaben","SURF"
"kresoxim-methyl","SURF"
"lambda cyhalothrin","SURF"
"lambda cyhalothrin degradate","SURF"
"lindane (gamma-bhc)","SURF"
"linuron","SURF"
"linuron degradate","SURF"
"malathion","SURF"
"mandipropamid","SURF"
"mcpa","SURF"
"mcpa, dimethylamine salt","SURF"
"mcpb,sodium salt","SURF"
"mcpp","SURF"
"merphos","SURF"
"metalaxyl","SURF"
"metconazole","SURF"
"methamidophos","SURF"
"methidathion","SURF"
"methiocarb","SURF"
"methomyl","SURF"
"methoprene","SURF"
"methoxychlor","SURF"
"methoxyfenozide","SURF"
"methyl parathion","SURF"
"methyl trithion","SURF"
"metolachlor","SURF"
"metolachlor degradate","SURF"
"metolachlor esa (ethane sulfonic acid)","SURF"
"metolachlor oxa (oxanilic acid)","SURF"
"metribuzin","SURF"
"metribuzin degradate","SURF"
"mevinphos","SURF"
"mexacarbate","SURF"
"mirex","SURF"
"molinate","SURF"
"monuron","SURF"
"myclobutanil","SURF"
"naled","SURF"
"napropamide","SURF"
"neburon","SURF"
"nicarbazin","SURF"
"nicosulfuron","SURF"
"nonachlor","SURF"
"norflurazon","SURF"
"novaluron","SURF"
"orthosulfamuron","SURF"
"oryzalin","SURF"
"oxadiazon","SURF"
"oxamyl","SURF"
"oxamyl degradate","SURF"
"oxathiapiprolin","SURF"
"oxydemeton-methyl","SURF"
"oxyfluorfen","SURF"
"paclobutrazol","SURF"
"para-chloro-meta-cresol","SURF"
"paraquat dichloride","SURF"
"pcnb","SURF"
"pebulate","SURF"
"pendimethalin","SURF"
"pendimethalin degradate","SURF"
"penoxsulam","SURF"
"penthiopyrad","SURF"
"permethrin","SURF"
"permethrin, other related","SURF"
"phenothrin","SURF"
"phorate","SURF"
"phorate sulfone","SURF"
"phorate sulfoxide","SURF"
"phoratoxon","SURF"
"phoratoxon sulfoxide","SURF"
"phosalone","SURF"
"phosmet","SURF"
"picloram","SURF"
"picoxystrobin","SURF"
"piperonyl butoxide","SURF"
"prallethrin","SURF"
"prodiamine","SURF"
"profenofos","SURF"
"prometon","SURF"
"prometryn","SURF"
"prometryn degradate","SURF"
"propachlor","SURF"
"propanil","SURF"
"propargite","SURF"
"propazine","SURF"
"propham","SURF"
"propiconazole","SURF"
"propoxur","SURF"
"propyzamide","SURF"
"prothiofos","SURF"
"pymetrozine","SURF"
"pyraclostrobin","SURF"
"pyrethrins","SURF"
"pyridaben","SURF"
"pyrimethanil","SURF"
"pyriproxyfen","SURF"
"quinoxyfen","SURF"
"resmethrin","SURF"
"ronnel","SURF"
"s-cypermethrin","SURF"
"s-metolachlor","SURF"
"s,s,s-tributyl phosphorotrithioate","SURF"
"sedaxane","SURF"
"siduron","SURF"
"silvex","SURF"
"simazine","SURF"
"simetryn","SURF"
"sulfentrazone","SURF"
"sulfometuron methyl","SURF"
"sulfosulfuron","SURF"
"sulfosulfuron  degradate","SURF"
"sulfotep","SURF"
"sulfoxaflor","SURF"
"sulprofos","SURF"
"swep","SURF"
"tebuconazole","SURF"
"tebufenozide","SURF"
"tebuthiuron","SURF"
"tebuthiuron degradate","SURF"
"terbacil","SURF"
"terbufos","SURF"
"terbuthylazine","SURF"
"terbutryn","SURF"
"tetrachlorvinphos","SURF"
"tetraconazole","SURF"
"tetramethrin","SURF"
"thiabendazole","SURF"
"thiacloprid","SURF"
"thiamethoxam","SURF"
"thiazopyr","SURF"
"thiobencarb","SURF"
"tolfenpyrad","SURF"
"toxaphene","SURF"
"tralomethrin","SURF"
"triadimefon","SURF"
"triadimenol","SURF"
"triallate","SURF"
"trichloronate","SURF"
"trichlorophon","SURF"
"triclopyr","SURF"
"trifloxystrobin","SURF"
"triflumizole","SURF"
"trifluralin","SURF"
"triticonazole","SURF"
"urea","SURF"
"vinclozolin","SURF"
"ziram","SURF"
"zoxamide","SURF"
